day,fat_pct,bmi,lean_weight,step_count,step_distance,weight
2017-11-23,,,,11,0.01,
2017-12-26,,,,7574,5.48,
2017-12-27,,,,12202,8.12,
2017-12-28,,,,11574,7.59,
2017-12-29,,,,12081,7.95,
2017-12-30,,,,7385,5.00,
2017-12-31,,,,22055,14.66,
2018-01-01,,,,7370,4.88,
2018-01-02,,,,7250,4.91,
2018-01-03,,,,1301,0.81,
2018-01-04,,,,6776,4.80,
2018-01-05,,,,8586,6.12,
2018-01-06,,,,9198,6.23,
2018-01-07,,,,6488,4.47,
2018-01-08,,,,9581,6.91,
2018-01-09,,,,13601,9.13,
2018-01-10,,,,13966,9.72,
2018-01-11,,,,11995,8.09,
2018-01-12,,,,6626,4.35,
2018-01-13,,,,10227,6.78,
2018-01-14,,,,12162,8.40,
2018-01-15,,,,10800,7.43,
2018-01-16,,,,7008,4.50,
2018-01-17,,,,10673,7.52,
2018-01-18,,,,11147,7.60,
2018-01-19,,,,13530,9.32,
2018-01-20,,,,6913,4.91,
2018-01-21,,,,9526,6.27,
2018-01-22,,,,5411,3.92,
2018-01-23,,,,7224,4.79,
2018-01-24,,,,9925,6.51,
2018-01-25,,,,5931,4.03,
2018-01-26,,,,9227,6.14,
2018-01-27,,,,8875,6.41,
2018-01-28,,,,5183,3.51,
2018-01-29,,,,9984,5.84,
2018-01-30,,,,12745,8.88,
2018-01-31,,,,16816,11.53,
2018-02-01,,,,13265,9.49,
2018-02-02,,,,13376,9.53,
2018-02-03,,,,13605,9.62,
2018-02-04,,,,8435,5.54,
2018-02-05,,,,7776,5.01,
2018-02-06,,,,12621,8.69,
2018-02-07,,,,13135,8.97,
2018-02-08,,,,6984,5.01,
2018-02-09,,,,3240,2.35,
2018-02-10,,,,5627,4.01,
2018-02-11,,,,8740,5.96,
2018-02-12,,,,16113,11.20,
2018-02-13,,,,7060,4.58,
2018-02-14,,,,8686,5.91,
2018-02-15,,,,6838,4.43,
2018-02-16,,,,2795,2.02,
2018-02-17,,,,10248,7.28,
2018-02-18,,,,8002,5.38,
2018-02-19,,,,5841,4.23,
2018-02-20,,,,6069,4.02,
2018-02-21,,,,5184,3.73,
2018-02-22,,,,6299,4.51,
2018-02-23,,,,5652,4.00,
2018-02-24,,,,7457,5.32,
2018-02-25,,,,10649,7.29,
2018-02-26,,,,9414,6.48,
2018-02-27,,,,9023,5.79,
2018-02-28,,,,13331,8.88,
2018-03-01,,,,8058,4.99,
2018-03-02,,,,8029,5.73,
2018-03-03,,,,9688,6.90,
2018-03-04,,,,5586,4.01,
2018-03-05,,,,9759,6.96,
2018-03-06,,,,8789,6.04,
2018-03-07,,,,7637,5.27,
2018-03-08,,,,8060,5.73,
2018-03-09,,,,7731,5.48,
2018-03-10,,,,9470,6.61,
2018-03-11,,,,11369,7.99,
2018-03-12,,,,9928,6.94,
2018-03-13,,,,16662,11.45,
2018-03-14,,,,8546,5.83,
2018-03-15,,,,8403,5.58,
2018-03-16,,,,6231,4.19,
2018-03-17,,,,9886,6.86,
2018-03-18,,,,10275,7.43,
2018-03-19,,,,8922,6.04,
2018-03-20,,,,5117,3.64,
2018-03-21,,,,7268,4.97,
2018-03-22,,,,8546,5.70,
2018-03-23,,,,9585,6.40,
2018-03-24,,,,9515,6.51,
2018-03-25,,,,10556,7.75,
2018-03-26,,,,15370,10.39,
2018-03-27,,,,7078,4.70,
2018-03-28,,,,8603,5.89,
2018-03-29,,,,12027,8.15,
2018-03-30,,,,11093,6.98,
2018-03-31,,,,8967,5.85,
2018-04-01,,,,10012,6.87,
2018-04-02,,,,10045,6.91,
2018-04-03,,,,12990,9.37,
2018-04-04,,,,16629,11.10,
2018-04-05,,,,10250,7.39,
2018-04-06,,,,8446,5.73,
2018-04-07,,,,10557,7.15,
2018-04-08,,,,8911,6.20,
2018-04-09,,,,9039,6.26,
2018-04-10,,,,8277,5.92,
2018-04-11,,,,10078,6.77,
2018-04-12,,,,7769,5.06,
2018-04-13,,,,7768,5.22,
2018-04-14,,,,13805,9.10,
2018-04-15,,,,6777,4.71,
2018-04-16,,,,7102,4.63,
2018-04-17,,,,13002,9.11,
2018-04-18,,,,9010,5.94,
2018-04-19,,,,11224,7.53,
2018-04-20,,,,11044,7.87,
2018-04-21,,,,9972,6.80,
2018-04-22,,,,5670,4.13,
2018-04-23,,,,6293,4.51,
2018-04-24,,,,7555,5.17,
2018-04-25,,,,10129,7.38,
2018-04-26,,,,8029,5.72,
2018-04-27,,,,8793,6.04,
2018-04-28,,,,11190,7.56,
2018-04-29,,,,5081,3.69,
2018-04-30,,,,12401,8.39,
2018-05-01,,,,13183,9.24,
2018-05-02,,,,9048,6.07,
2018-05-03,,,,16210,11.52,
2018-05-04,,,,11541,7.92,
2018-05-05,,,,9678,6.51,
2018-05-06,,,,9062,5.91,
2018-05-07,,,,8737,5.61,
2018-05-08,,,,11238,8.15,
2018-05-09,,,,12393,8.28,
2018-05-10,,,,16194,11.10,
2018-05-11,,,,10534,7.75,
2018-05-12,,,,6833,4.81,
2018-05-13,,,,10158,7.35,
2018-05-14,,,,11334,7.92,
2018-05-15,,,,13698,9.68,
2018-05-16,,,,6779,4.66,
2018-05-17,,,,11542,7.99,
2018-05-18,,,,9697,6.65,
2018-05-19,,,,13024,9.12,
2018-05-20,,,,7482,5.23,
2018-05-21,,,,8321,5.75,
2018-05-22,,,,10321,7.39,
2018-05-23,,,,9627,6.44,
2018-05-24,,,,18499,13.48,
2018-05-25,,,,7867,5.41,
2018-05-26,,,,6604,4.67,
2018-05-27,,,,10148,6.72,
2018-05-28,,,,8417,5.93,
2018-05-29,,,,10535,7.30,
2018-05-30,,,,7717,5.59,
2018-05-31,,,,12773,8.89,
2018-06-01,,,,12532,8.51,
2018-06-02,,,,9990,7.25,
2018-06-03,,,,14710,9.99,
2018-06-04,,,,18868,12.55,
2018-06-05,,,,8906,6.27,
2018-06-06,,,,7824,5.31,
2018-06-07,,,,9384,6.40,
2018-06-08,,,,12191,8.06,
2018-06-09,,,,8020,5.52,
2018-06-10,,,,15987,9.97,
2018-06-11,,,,6651,4.67,
2018-06-12,,,,8803,5.88,
2018-06-13,,,,14026,9.53,
2018-06-14,,,,9049,6.13,
2018-06-15,,,,9179,6.59,
2018-06-16,,,,12950,8.69,
2018-06-17,,,,12084,8.56,
2018-06-18,,,,5619,3.95,
2018-06-19,,,,11038,7.48,
2018-06-20,,,,10566,7.47,
2018-06-21,,,,13230,8.83,
2018-06-22,,,,8989,6.28,
2018-06-23,,,,8489,5.68,
2018-06-24,,,,9354,6.03,
2018-06-25,,,,11517,8.40,
2018-06-26,,,,7772,5.51,
2018-06-27,,,,8585,5.77,
2018-06-28,,,,5493,3.67,
2018-06-29,,,,5226,3.42,
2018-06-30,,,,3448,2.07,
2018-07-01,,,,11487,7.72,
2018-07-02,,,,4807,3.26,
2018-07-03,,,,19168,12.35,
2018-07-04,,,,3453,2.44,
2018-07-05,,,,8723,5.86,
2018-07-06,,,,7889,5.60,
2018-07-07,,,,9980,7.08,
2018-07-08,,,,7101,4.64,
2018-07-09,,,,6508,4.41,
2018-07-10,,,,14537,9.57,
2018-07-11,,,,8110,5.84,
2018-07-12,,,,5523,3.61,
2018-07-13,,,,9093,6.54,
2018-07-14,,,,5843,3.96,
2018-07-15,,,,11104,7.28,
2018-07-16,,,,9619,6.96,
2018-07-17,,,,12984,9.08,
2018-07-18,,,,7100,4.86,
2018-07-19,,,,10045,7.10,
2018-07-20,,,,9874,7.10,
2018-07-21,,,,8518,5.76,
2018-07-22,,,,5257,3.81,
2018-07-23,,,,16356,10.10,
2018-07-24,,,,3789,2.63,
2018-07-25,,,,4299,2.80,
2018-07-26,,,,9386,6.02,
2018-07-27,,,,10716,7.43,
2018-07-28,,,,10547,7.30,
2018-07-29,,,,5291,3.81,
2018-07-30,,,,6876,4.56,
2018-07-31,,,,9069,6.11,
2018-08-01,,,,10082,6.76,
2018-08-02,,,,5977,4.26,
2018-08-03,,,,7475,5.35,
2018-08-04,,,,7790,5.60,
2018-08-05,,,,7426,5.31,
2018-08-06,,,,8038,5.56,
2018-08-07,,,,17514,11.62,
2018-08-08,,,,4638,3.11,
2018-08-09,,,,3727,2.80,
2018-08-10,,,,7356,5.04,
2018-08-11,,,,11257,8.19,
2018-08-12,,,,7171,5.13,
2018-08-13,,,,11028,7.38,
2018-08-14,,,,6056,4.04,
2018-08-15,,,,8110,5.56,
2018-08-16,,,,11620,8.56,
2018-08-17,,,,8933,6.28,
2018-08-18,,,,7956,5.55,
2018-08-19,,,,5874,3.92,
2018-08-20,,,,8356,5.92,
2018-08-21,,,,12152,8.19,
2018-08-22,,,,6218,4.37,
2018-08-23,,,,13885,9.62,
2018-08-24,,,,8684,6.09,
2018-08-25,,,,7984,5.67,
2018-08-26,,,,9688,6.41,
2018-08-27,,,,9463,6.50,
2018-08-28,,,,9447,6.20,
2018-08-29,,,,14334,9.90,
2018-08-30,,,,10111,6.79,
2018-08-31,,,,9455,6.41,
2018-09-01,,,,7735,5.56,
2018-09-02,,,,5692,3.92,
2018-09-03,,,,9481,6.72,
2018-09-04,,,,5844,4.03,
2018-09-05,,,,6037,4.05,
2018-09-06,,,,5141,3.74,
2018-09-07,,,,6529,4.46,
2018-09-08,,,,5433,3.66,
2018-09-09,,,,6319,4.35,
2018-09-10,,,,12313,8.41,
2018-09-11,,,,12250,8.43,
2018-09-12,,,,7023,4.61,
2018-09-13,,,,9724,6.66,
2018-09-14,,,,7355,5.10,
2018-09-15,,,,7756,5.53,
2018-09-16,,,,5508,3.61,
2018-09-17,,,,8202,5.72,
2018-09-18,,,,11384,7.84,
2018-09-19,,,,9959,6.44,
2018-09-20,,,,8263,5.53,
2018-09-21,,,,11403,7.99,
2018-09-22,,,,4260,2.72,
2018-09-23,,,,9162,6.56,
2018-09-24,,,,6979,5.13,
2018-09-25,,,,8158,5.48,
2018-09-26,,,,13098,9.62,
2018-09-27,,,,8795,6.20,
2018-09-28,,,,13101,9.03,
2018-09-29,,,,8929,6.36,
2018-09-30,,,,10913,7.77,
2018-10-01,,,,6790,4.57,
2018-10-02,,,,8935,6.34,
2018-10-03,,,,11407,7.81,
2018-10-04,,,,7767,5.50,
2018-10-05,,,,6808,4.91,
2018-10-06,,,,8795,5.93,
2018-10-07,,,,7030,5.00,
2018-10-08,,,,9156,6.17,
2018-10-09,,,,5571,3.73,
2018-10-10,,,,13327,8.26,
2018-10-11,,,,11197,8.00,
2018-10-12,,,,13857,8.79,
2018-10-13,,,,428,0.26,
2018-12-30,,,,323,0.24,
2018-12-31,,,,8550,5.77,
2019-01-01,,,,9503,6.15,
2019-01-02,,,,7488,5.32,
2019-01-03,,,,14747,10.04,
2019-01-04,,,,8812,6.04,
2019-01-05,,,,6705,4.41,
2019-01-06,,,,8185,5.66,
2019-01-07,,,,4321,3.06,
2019-01-08,,,,10730,7.44,
2019-01-09,,,,9546,6.31,
2019-01-10,,,,7362,4.96,
2019-01-11,,,,11707,8.13,
2019-01-12,,,,14253,9.68,
2019-01-13,,,,15500,10.70,
2019-01-14,,,,6387,4.36,
2019-01-15,,,,8541,5.83,
2019-01-16,,,,7935,5.39,
2019-01-17,,,,14473,10.05,
2019-01-18,,,,11489,7.86,
2019-01-19,,,,9594,6.52,
2019-01-20,,,,6306,4.16,
2019-01-21,,,,4206,2.91,
2019-01-22,,,,7054,4.71,
2019-01-23,,,,7225,4.66,
2019-01-24,,,,6581,4.38,
2019-01-25,,,,8347,5.59,
2019-01-26,,,,8161,5.24,
2019-01-27,,,,1781,1.25,
2019-01-28,,,,3694,2.41,
2019-01-29,,,,7862,5.15,
2019-01-30,,,,5163,3.68,
2019-01-31,,,,6181,4.20,
2019-02-01,,,,12663,8.52,
2019-02-02,,,,13507,9.66,
2019-02-03,,,,7233,4.88,
2019-02-04,,,,7889,4.68,
2019-02-05,,,,5356,4.09,
2019-02-06,,,,7465,5.36,
2019-02-07,,,,5047,3.46,
2019-02-08,,,,4064,2.78,
2019-02-09,,,,6242,4.42,
2019-02-10,,,,11879,8.31,
2019-02-11,,,,8499,5.49,
2019-02-12,,,,2249,1.49,
2019-02-13,,,,13567,8.77,
2019-02-14,,,,8857,6.42,
2019-02-15,,,,4181,2.68,
2019-02-16,,,,11243,8.03,
2019-02-17,,,,9180,5.75,
2019-02-18,,,,3766,2.34,
2019-02-19,,,,11586,7.96,
2019-02-20,,,,14435,10.33,
2019-02-21,,,,13080,9.19,
2019-02-22,,,,11751,8.14,
2019-02-23,,,,6728,4.57,
2019-02-24,,,,12512,9.06,
2019-02-25,,,,14957,8.78,
2019-02-26,,,,8640,5.48,
2019-02-27,,,,9577,6.25,
2019-02-28,,,,18952,11.52,
2019-03-01,,,,12120,7.25,
2019-03-02,,,,7131,4.22,
2019-03-03,,,,7243,4.79,
2019-03-04,,,,6671,4.41,
2019-03-05,,,,10188,6.57,
2019-03-06,,,,11223,6.86,
2019-03-07,,,,10256,7.41,
2019-03-08,,,,6632,4.36,
2019-03-09,,,,9413,6.18,
2019-03-10,,,,7163,4.97,
2019-03-11,,,,5892,3.97,
2019-03-12,,,,5877,3.87,
2019-03-13,,,,10492,7.32,
2019-03-14,,,,5120,3.08,
2019-03-15,,,,15301,10.88,
2019-03-16,,,,15374,9.16,
2019-03-17,,,,11347,8.18,
2019-03-18,,,,7924,4.77,
2019-03-19,,,,4022,2.45,
2019-03-20,,,,8317,5.35,
2019-03-21,,,,4669,3.03,
2019-03-22,,,,6197,4.01,
2019-03-23,,,,13608,8.23,
2019-03-24,,,,9363,5.50,
2019-03-25,,,,12627,7.88,
2019-03-26,,,,4229,2.62,
2019-03-27,,,,3462,2.10,
2019-03-28,,,,7548,4.93,
2019-03-29,,,,3629,2.42,
2019-03-30,,,,4839,2.86,
2019-03-31,,,,7736,5.20,
2019-04-01,,,,4934,3.53,
2019-04-02,,,,3933,2.65,
2019-04-03,,,,9003,5.35,
2019-04-04,,,,4240,2.67,
2019-04-05,,,,9401,6.36,
2019-04-06,,,,16606,11.06,
2019-04-07,,,,10749,6.17,
2019-04-08,,,,11928,7.70,
2019-04-09,,,,354,0.24,
2019-04-10,,,,13288,7.81,
2019-04-11,,,,10289,6.23,
2019-04-12,,,,4878,3.08,
2019-04-13,,,,13049,8.09,
2019-04-14,,,,4910,2.99,
2019-04-15,,,,4612,2.79,
2019-04-16,,,,8270,4.89,
2019-04-17,,,,15565,9.64,
2019-04-18,,,,8987,5.90,
2019-04-19,,,,6357,4.02,
2019-04-20,,,,10073,6.78,
2019-04-21,,,,8672,5.04,
2019-04-22,,,,2121,1.44,
2019-04-23,,,,7047,4.38,
2019-04-24,,,,5892,3.79,
2019-04-25,,,,10220,6.18,
2019-04-26,,,,8442,5.22,
2019-04-27,,,,7034,4.78,
2019-04-28,,,,8084,5.70,
2019-04-29,,,,5918,3.93,
2019-04-30,,,,8193,5.62,
2019-05-01,,,,10157,6.07,
2019-05-02,,,,16941,10.23,
2019-05-03,,,,21615,13.23,
2019-05-04,,,,7588,4.52,
2019-05-05,,,,11389,7.38,
2019-05-06,,,,9243,6.18,
2019-05-07,,,,9314,5.87,
2019-05-08,,,,6854,4.53,
2019-05-09,,,,1627,1.13,
2019-05-10,,,,9189,5.92,
2019-05-11,,,,4725,3.07,
2019-05-12,,,,6641,4.59,
2019-05-13,,,,6834,4.53,
2019-05-14,,,,7316,4.75,
2019-05-15,,,,15260,9.40,
2019-05-16,,,,4265,2.96,
2019-05-17,,,,14260,8.68,
2019-05-18,,,,7364,5.07,
2019-05-19,,,,11231,7.33,
2019-05-20,,,,12109,7.71,
2019-05-21,,,,11249,7.54,
2019-05-22,,,,11887,7.56,
2019-05-23,,,,9242,6.11,
2019-05-24,,,,10128,6.07,
2019-05-25,,,,9547,6.31,
2019-05-26,,,,13304,7.59,
2019-05-27,,,,10904,6.22,
2019-05-28,,,,5112,2.99,
2019-05-29,,,,4809,3.02,
2019-05-30,,,,10105,6.74,
2019-05-31,,,,9180,6.02,
2019-06-01,,,,10460,7.00,
2019-06-02,,,,4675,3.06,
2019-06-03,,,,6753,4.60,
2019-06-04,,,,1834,1.31,
2019-06-05,,,,1939,1.28,
2019-06-06,,,,6220,4.24,
2019-06-07,,,,4690,3.11,
2019-06-08,,,,5334,3.47,
2019-06-09,,,,8134,4.82,
2019-06-10,,,,3726,2.24,
2019-06-11,,,,3755,2.47,
2019-06-12,,,,1324,0.78,
2019-06-13,,,,1905,1.36,
2019-06-14,,,,5400,3.41,
2019-06-15,,,,39,0.02,
2019-06-16,,,,5887,3.79,
2019-06-17,,,,1491,0.97,
2019-06-18,,,,1205,0.83,
2019-06-19,,,,4248,2.59,
2019-06-20,,,,3312,2.29,
2019-06-21,,,,2130,1.45,
2019-06-22,,,,1774,1.21,
2019-06-23,,,,3053,1.93,
2019-06-24,,,,1923,1.34,
2019-06-25,,,,833,0.52,
2019-06-26,,,,1939,1.23,
2019-06-27,,,,141,0.09,
2019-06-28,,,,1640,1.13,
2019-06-29,,,,1015,0.63,
2019-06-30,,,,1096,0.69,
2019-07-01,,,,2222,1.47,
2019-07-02,,,,253,0.15,
2019-07-03,,,,2834,1.83,
2019-07-04,,,,340,0.22,
2019-07-05,,,,2406,1.51,
2019-07-06,,,,2021,1.09,
2019-07-07,,,,78,0.06,
2019-07-08,,,,1981,1.34,
2019-07-09,,,,1959,1.31,
2019-07-10,,,,346,0.21,
2019-07-11,,,,1869,1.11,
2019-07-12,,,,1950,1.33,
2019-07-13,,,,6192,3.72,
2019-07-14,,,,306,0.19,
2019-07-15,,,,3637,2.04,
2019-07-16,,,,6321,4.40,
2019-07-17,,,,2698,1.81,
2019-07-18,,,,1746,1.14,
2019-07-19,,,,2370,1.62,
2019-07-20,,,,1253,0.79,
2019-07-21,,,,2211,1.57,
2019-07-22,,,,384,0.25,
2019-07-23,,,,4624,3.15,
2019-07-24,,,,6129,4.24,
2019-07-25,,,,814,0.55,
2019-07-26,,,,774,0.53,
2019-07-27,,,,5315,3.23,
2019-07-28,,,,948,0.64,
2019-07-29,,,,9813,6.61,
2019-07-30,,,,1622,0.97,
2019-07-31,,,,580,0.37,
2019-08-01,,,,2848,1.86,
2019-08-02,,,,1058,0.64,
2019-08-03,,,,2065,1.39,
2019-08-04,,,,1866,1.20,
2019-08-05,,,,9783,6.25,
2019-08-06,,,,2023,1.27,
2019-08-07,,,,10282,6.93,
2019-08-08,,,,6544,4.29,
2019-08-09,,,,10762,7.10,
2019-08-10,,,,1941,1.34,
2019-08-11,,,,1953,1.38,
2019-08-12,,,,6783,4.54,
2019-08-13,,,,10397,7.32,
2019-08-14,,,,3330,2.35,
2019-08-15,,,,8829,6.20,
2019-08-16,,,,4611,2.66,
2019-08-17,,,,4657,3.15,
2019-08-18,,,,2398,1.67,
2019-08-19,,,,6691,4.67,
2019-08-20,,,,9300,6.64,
2019-08-21,,,,8336,5.52,
2019-08-22,,,,3176,2.16,
2019-08-23,,,,2018,1.40,
2019-08-24,,,,4655,3.27,
2019-08-25,,,,7549,5.22,
2019-08-26,,,,2486,1.74,
2019-08-27,,,,9540,6.59,
2019-08-28,,,,1991,1.35,
2019-08-29,,,,9689,6.82,
2019-08-30,,,,12175,7.46,
2019-08-31,,,,4903,2.81,
2019-09-01,,,,4104,2.55,
2019-09-02,,,,3090,2.19,
2019-09-03,,,,2955,2.01,
2019-09-04,,,,12231,8.53,
2019-09-05,,,,4563,3.03,
2019-09-06,,,,5032,3.53,
2019-09-07,,,,5849,3.81,
2019-09-08,,,,10307,7.24,
2019-09-09,,,,4293,2.82,
2019-09-10,,,,3551,2.45,
2019-09-11,,,,3029,2.01,
2019-09-12,,,,5835,4.06,
2019-09-13,,,,11843,8.11,
2019-09-14,,,,4502,3.08,
2019-09-15,,,,9854,6.34,
2019-09-16,,,,3575,2.31,
2019-09-17,,,,3072,2.14,
2019-09-18,,,,3211,2.20,
2019-09-19,,,,2742,1.86,
2019-09-20,,,,4030,2.71,
2019-09-21,,,,10198,6.56,
2019-09-22,,,,5759,3.99,
2019-09-23,,,,3602,2.51,
2019-09-24,,,,4229,2.66,
2019-09-25,,,,2706,1.91,
2019-09-26,,,,2420,1.38,
2019-09-27,,,,3122,2.09,
2019-09-28,,,,2075,1.33,
2019-09-29,,,,4507,3.00,
2019-09-30,,,,3450,2.28,
2019-10-01,,,,5456,3.55,
2019-10-02,,,,4664,2.60,
2019-10-03,,,,2006,1.39,
2019-10-04,,,,7766,5.22,
2019-10-05,,,,4914,3.10,
2019-10-06,,,,17205,11.81,
2019-10-07,,,,10612,6.88,
2019-10-08,,,,2676,1.86,
2019-10-09,,,,5323,3.64,
2019-10-10,,,,3472,2.34,
2019-10-11,,,,2366,1.60,
2019-10-12,,,,2664,1.79,
2019-10-13,,,,10722,7.80,
2019-10-14,,,,9946,7.54,
2019-10-15,,,,4015,2.85,
2019-10-16,,,,4670,3.27,
2019-10-17,,,,5608,3.95,
2019-10-18,,,,3278,2.30,
2019-10-19,,,,3471,2.33,
2019-10-20,,,,9899,7.16,
2019-10-21,,,,3217,2.28,
2019-10-22,,,,3109,2.04,
2019-10-23,,,,2869,2.02,
2019-10-24,,,,3165,2.20,
2019-10-25,,,,2582,1.71,
2019-10-26,,,,22,0.01,
2019-10-27,,,,3832,2.55,
2019-10-28,,,,2772,1.82,
2019-10-29,,,,2780,1.78,
2019-10-30,,,,3611,2.44,
2019-10-31,,,,2592,1.77,
2019-11-01,,,,3554,2.37,
2019-11-02,,,,9268,6.69,
2019-11-03,,,,737,0.51,
2019-11-04,,,,3467,2.42,
2019-11-05,,,,2666,1.82,
2019-11-06,,,,2498,1.80,
2019-11-07,,,,4728,3.30,
2019-11-08,,,,6323,4.52,
2019-11-09,,,,12740,8.13,
2019-11-10,,,,2462,1.63,
2019-11-11,,,,3164,2.17,
2019-11-12,,,,4625,3.28,
2019-11-13,,,,6921,4.51,
2019-11-14,,,,9035,4.83,
2019-11-15,,,,4332,2.88,
2019-11-16,,,,7065,4.10,
2019-11-17,,,,10400,6.81,
2019-11-18,,,,9210,6.70,
2019-11-19,,,,4732,3.13,
2019-11-20,,,,2735,1.78,
2019-11-21,,,,7012,4.55,
2019-11-22,,,,2910,1.87,
2019-11-23,,,,2821,1.89,
2019-11-24,,,,2693,1.63,
2019-11-25,,,,2656,1.73,
2019-11-26,,,,2680,1.77,
2019-11-27,,,,3042,1.92,
2019-11-28,,,,2774,1.75,
2019-11-29,,,,2743,1.87,
2019-11-30,,,,2419,1.54,
2019-12-01,,,,9566,6.48,
2019-12-02,,,,2623,1.72,
2019-12-03,,,,3493,2.36,
2019-12-04,,,,2717,1.89,
2019-12-05,,,,3741,2.52,
2019-12-06,,,,3486,2.17,
2019-12-07,,,,17296,10.86,
2019-12-08,,,,10795,7.22,
2019-12-09,,,,7834,5.59,
2019-12-10,,,,3214,2.09,
2019-12-11,,,,6188,4.34,
2019-12-12,,,,7896,5.57,
2019-12-13,,,,2888,1.90,
2019-12-14,,,,6560,4.35,
2019-12-15,,,,7468,4.59,
2019-12-16,,,,2833,1.89,
2019-12-17,,,,2783,1.84,
2019-12-18,,,,2749,1.85,
2019-12-19,,,,2754,2.02,
2019-12-20,,,,3160,2.15,
2019-12-21,,,,5123,3.33,
2019-12-22,,,,13219,8.83,
2019-12-23,,,,6940,4.96,
2019-12-24,,,,2533,1.58,
2019-12-25,,,,2544,1.61,
2019-12-26,,,,2662,1.77,
2019-12-27,,,,2447,1.75,
2019-12-28,,,,4096,2.76,
2019-12-29,,,,4475,2.81,
2019-12-30,,,,4491,2.93,
2019-12-31,,,,3894,2.67,
2020-01-01,,,,3809,2.55,
2020-01-02,,,,3646,2.52,
2020-01-03,,,,6861,5.00,
2020-01-04,,,,8074,5.54,
2020-01-05,,,,5450,3.61,
2020-01-06,,,,2843,1.85,
2020-01-07,,,,3115,1.80,
2020-01-08,,,,3661,2.51,
2020-01-09,,,,2516,1.40,
2020-01-10,,,,5494,3.41,
2020-01-11,,,,824,0.54,
2020-01-12,,,,5596,3.37,
2020-01-13,,,,3954,2.48,
2020-01-14,,,,2551,1.68,
2020-01-15,,,,6005,4.11,
2020-01-16,,,,3529,2.20,
2020-01-17,,,,4544,3.04,
2020-01-18,,,,2417,1.61,
2020-01-19,,,,2777,1.71,
2020-01-20,,,,16031,12.16,
2020-01-21,,,,2487,1.66,
2020-01-22,,,,7855,4.91,
2020-01-23,,,,5884,3.71,
2020-01-24,,,,2572,1.69,
2020-01-25,,,,429,0.28,
2020-01-26,,,,136,0.09,
2020-01-27,,,,977,0.62,
2020-01-28,,,,1592,1.05,
2020-01-29,,,,594,0.39,
2020-01-30,,,,1366,0.86,
2020-01-31,,,,691,0.46,
2020-02-01,,,,856,0.54,
2020-02-02,,,,877,0.55,
2020-02-03,,,,578,0.36,
2020-02-04,,,,340,0.22,
2020-02-05,,,,784,0.51,
2020-02-06,,,,261,0.16,
2020-02-07,,,,45,0.03,
2020-02-08,,,,660,0.43,
2020-02-09,,,,369,0.25,
2020-02-10,,,,714,0.46,
2020-02-11,,,,406,0.25,
2020-02-12,,,,148,0.07,
2020-02-13,,,,431,0.26,
2020-02-14,,,,236,0.15,
2020-02-15,,,,315,0.20,
2020-02-16,,,,323,0.19,
2020-02-17,,,,1027,0.62,
2020-02-18,,,,1070,0.64,
2020-02-20,,,,677,0.40,
2020-02-21,,,,423,0.26,
2020-02-22,,,,1015,0.59,
2020-02-23,,,,2467,1.46,
2020-02-24,,,,1046,0.62,
2020-02-25,,,,848,0.50,
2020-02-26,,,,4,0.00,
2020-02-27,,,,573,0.33,
2020-02-28,,,,454,0.29,
2020-02-29,,,,407,0.25,
2020-03-01,,,,2107,1.36,
2020-03-02,,,,215,0.15,
2020-03-03,,,,303,0.20,
2020-03-04,,,,671,0.45,
2020-03-05,,,,914,0.55,
2020-03-06,,,,521,0.31,
2020-03-07,,,,932,0.58,
2020-03-08,,,,1417,0.89,
2020-03-09,,,,247,0.15,
2020-03-10,,,,585,0.37,
2020-03-11,,,,479,0.30,
2020-03-12,,,,358,0.23,
2020-03-13,,,,238,0.15,
2020-03-14,,,,669,0.41,
2020-03-15,,,,1034,0.61,
2020-03-16,,,,171,0.11,
2020-03-17,,,,144,0.10,
2020-03-18,,,,788,0.48,
2020-03-19,,,,188,0.13,
2020-03-20,,,,540,0.31,
2020-03-21,,,,506,0.30,
2020-03-22,,,,1390,0.96,
2020-03-23,,,,408,0.24,
2020-03-24,,,,165,0.10,
2020-03-25,,,,1213,0.78,
2020-03-26,,,,201,0.12,
2020-03-27,,,,379,0.22,
2020-03-28,,,,1682,1.03,
2020-03-29,,,,643,0.38,
2020-03-30,,,,26,0.01,
2020-03-31,,,,362,0.21,
2020-04-01,,,,517,0.33,
2020-04-02,,,,294,0.18,
2020-04-03,,,,8173,4.80,
2020-04-04,,,,3319,1.90,
2020-04-05,,,,6948,4.56,
2020-04-06,,,,4004,2.64,
2020-04-07,,,,2012,1.63,
2020-04-08,,,,1554,1.18,
2020-04-09,,,,2760,1.95,
2020-04-10,,,,174,0.10,
2020-04-11,,,,2351,1.65,
2020-04-12,,,,156,0.08,
2020-04-13,,,,4146,2.67,
2020-04-14,,,,143,0.08,
2020-04-15,,,,4578,3.16,
2020-04-16,,,,2517,1.59,
2020-04-17,,,,3815,2.73,
2020-04-18,,,,5260,3.63,
2020-04-19,,,,1898,1.23,
2020-04-20,,,,6184,4.66,
2020-04-21,,,,6265,4.23,
2020-04-22,,,,335,0.18,
2020-04-23,,,,4614,3.12,
2020-04-24,,,,427,0.25,
2020-04-25,,,,2117,1.23,
2020-04-26,,,,3754,2.58,
2020-04-27,,,,761,0.42,
2020-04-28,,,,3827,2.60,
2020-04-29,,,,929,0.61,
2020-04-30,,,,3542,2.59,
2020-05-01,,,,6731,4.28,
2020-05-02,,,,5559,3.66,
2020-05-03,,,,5443,3.67,
2020-05-04,,,,2956,1.88,
2020-05-05,,,,4198,2.74,
2020-05-06,,,,4558,3.16,
2020-05-07,,,,3280,2.18,
2020-05-08,,,,3382,2.40,
2020-05-09,,,,153,0.09,
2020-05-10,,,,11948,8.76,
2020-05-11,,,,3387,2.42,
2020-05-12,,,,2705,1.93,
2020-05-13,,,,3527,2.32,
2020-05-14,,,,3292,2.28,
2020-05-15,,,,3205,2.26,
2020-05-16,,,,1471,0.84,
2020-05-17,,,,10394,6.86,
2020-05-18,,,,4794,3.05,76
2020-05-19,,,,5510,3.91,75.7
2020-05-20,,,,7156,5.22,
2020-05-21,,,,8024,5.92,75.1
2020-05-22,,,,3690,2.52,
2020-05-23,,,,7426,5.02,
2020-05-24,,,,5295,3.10,
2020-05-25,,,,3971,2.66,75.5
2020-05-26,,,,4842,3.21,74.5
2020-05-27,,,,2969,2.07,74.6
2020-05-28,,,,6189,4.21,
2020-05-29,,,,4928,3.39,73.8
2020-05-30,,,,10083,6.93,
2020-05-31,,,,8343,5.86,
2020-06-01,,,,4848,3.16,75.5
2020-06-02,,,,1825,1.31,74.4
2020-06-03,,,,4930,3.47,73.7
2020-06-04,,,,2991,1.92,73.5
2020-06-05,,,,11553,8.41,72.6
2020-06-06,,,,7535,5.09,72.7
2020-06-07,,,,5866,3.82,
2020-06-08,27.7,28.7,53.2,4547,3.01,73.4
2020-06-09,27.4,28.5,53,3109,2.27,73
2020-06-10,27.5,28.6,53.1,3429,2.23,72.6
2020-06-11,27.2,28.4,52.9,3735,2.17,72.6
2020-06-12,26.8,28.2,52.8,3424,2.42,72.1
2020-06-13,27,28.3,52.9,3420,2.13,72.4
2020-06-14,,,,5016,2.99,
2020-06-15,,,,4440,3.03,
2020-06-16,26.9,28.2,52.8,3946,2.45,72.2
2020-06-17,26.9,28.2,52.8,6933,4.48,72
2020-06-18,26.7,28,52.6,3661,2.39,71.8
2020-06-19,26.8,28.2,52.8,3310,2.14,71.7
2020-06-20,,,,7442,4.69,
2020-06-21,,,,3545,2.27,
2020-06-22,,,,2841,2.02,
2020-06-23,,,,3944,2.73,
2020-06-24,,,,4734,3.24,
2020-06-25,,,,9343,5.88,
2020-06-26,,,,4147,2.50,
2020-06-27,,,,3130,1.93,
2020-06-28,,,,9107,6.35,
2020-06-29,,,,3670,2.28,
2020-06-30,,,,5634,4.02,
2020-07-01,,,,3351,2.16,
2020-07-02,26.7,28.1,52.7,5712,3.95,71.9
2020-07-03,26.6,28,52.6,4589,2.98,71.2
2020-07-04,,,,9741,6.60,
2020-07-05,26.5,27.9,52.6,5267,3.21,71.4
2020-07-06,,,,3442,2.12,
2020-07-07,,,,3188,1.98,
2020-07-08,,,,3761,2.60,
2020-07-09,,,,3328,2.13,
2020-07-10,,,,4153,2.77,
2020-07-11,,,,4383,2.80,
2020-07-12,,,,76,0.05,
2020-07-13,,,,6098,3.99,
2020-07-14,,,,4781,3.11,
2020-07-15,,,,5098,3.19,
2020-07-16,,,,4561,2.82,
2020-07-17,,,,3287,2.35,
2020-07-18,,,,8767,6.08,
2020-07-19,,,,2891,1.86,
2020-07-20,28.6,27.8,50.8,1825,1.25,70.7
2020-07-21,,,,5214,3.52,
2020-07-22,28.6,27.9,50.9,4222,2.84,70.7
2020-07-23,28,27.5,50.7,6059,4.05,70.4
2020-07-24,28.1,27.5,50.7,2527,1.73,70.5
2020-07-25,27.8,27.3,50.5,10767,7.23,69.9
2020-07-26,,,,7202,4.95,
2020-07-27,28.1,27.5,50.6,4901,3.31,69.9
2020-07-28,28.5,27.7,50.7,4973,3.18,70.2
2020-07-29,28,27.5,50.6,7655,5.23,70.3
2020-07-30,,,,6010,4.02,
2020-07-31,27.8,27.4,50.7,4628,3.19,70.2
2020-08-01,,,,5678,3.41,
2020-08-02,,,,2802,1.96,
2020-08-03,28,27.4,50.5,6818,4.52,70.2
2020-08-04,,,,7088,4.71,
2020-08-05,28.1,27.5,50.6,6665,4.43,70.3
2020-08-06,,,,7951,5.45,
2020-08-07,,,,4644,3.12,
2020-08-08,,,,4758,3.04,
2020-08-09,,,,5715,3.76,
2020-08-10,,,,5576,3.67,
2020-08-11,,,,5735,3.65,
2020-08-12,,,,4418,3.06,
2020-08-13,,,,3700,2.50,
2020-08-14,,,,4995,3.26,
2020-08-15,,,,4233,2.83,
2020-08-16,,,,7211,5.40,
2020-08-17,,,,6954,4.56,
2020-08-18,,,,4887,3.32,
2020-08-19,23.6,27,52.8,3719,2.44,69.1
2020-08-20,,,,7898,5.16,
2020-08-21,,,,2887,1.99,
2020-08-22,,,,12652,8.26,
2020-08-23,,,,6436,4.13,
2020-08-24,,,,6389,4.21,
2020-08-25,,,,5480,3.63,
2020-08-26,,,,5514,3.68,
2020-08-27,,,,6640,4.47,
2020-08-28,,,,4956,3.41,
2020-08-29,,,,14946,9.99,
2020-08-30,,,,6353,4.06,
2020-08-31,,,,4016,2.74,
2020-09-01,,,,5963,3.96,
2020-09-02,,,,8089,5.35,
2020-09-03,,,,2811,2.00,
2020-09-04,,,,5765,3.80,
2020-09-05,,,,6847,4.54,
2020-09-06,,,,9403,6.33,
2020-09-07,,,,8265,5.45,
2020-09-08,,,,5373,3.57,
2020-09-09,,,,5447,3.63,
2020-09-10,,,,5523,3.69,
2020-09-11,,,,4577,3.01,
2020-09-12,,,,5840,3.61,
2020-09-13,,,,6359,4.01,
2020-09-14,,,,6763,4.53,
2020-09-15,,,,3140,1.88,
2020-09-16,,,,4720,3.09,
2020-09-17,,,,4196,3.02,
2020-09-18,,,,11985,7.81,
2020-09-19,,,,2958,2.00,
2020-09-20,,,,6138,4.17,
2020-09-21,,,,5509,3.62,
2020-09-22,,,,5199,3.39,
2020-09-23,,,,2111,1.33,
2020-09-24,,,,3050,2.11,
2020-09-25,,,,4270,2.85,
2020-09-26,,,,4723,2.98,
2020-09-27,,,,5949,3.84,
2020-09-28,,,,4399,2.89,
2020-09-29,,,,2387,1.58,
2020-09-30,,,,3659,2.55,
2020-10-01,,,,7113,4.66,
2020-10-02,,,,6393,4.01,
2020-10-03,,,,4994,3.12,
2020-10-04,,,,5506,3.37,
2020-10-05,,,,6558,4.24,
2020-10-06,,,,3329,1.94,
2020-10-07,,,,2088,1.31,
2020-10-08,,,,11456,6.83,
2020-10-09,,,,5663,3.84,
2020-10-10,,,,2611,1.71,
2020-10-11,,,,10362,6.97,
2020-10-12,,,,2744,1.76,
2020-10-13,,,,2481,1.66,
2020-10-14,,,,4836,3.19,
2020-10-15,,,,6977,4.61,
2020-10-16,,,,3857,2.53,
2020-10-17,,,,5571,3.83,
2020-10-18,,,,9860,6.78,
2020-10-19,,,,4466,2.95,
2020-10-20,,,,4905,3.32,
2020-10-21,,,,5740,3.78,
2020-10-22,,,,4447,3.00,
2020-10-23,,,,5032,3.41,
2020-10-24,,,,4495,3.01,
2020-10-25,,,,8040,4.75,
2020-10-26,,,,4789,3.14,
2020-10-27,,,,2891,1.98,
2020-10-28,,,,3761,2.54,
2020-10-29,,,,4271,2.86,
2020-10-30,,,,3055,2.05,
2020-10-31,,,,4929,3.36,
2020-11-01,,,,5052,3.45,
2020-11-02,,,,3003,2.06,
2020-11-03,26.6,28.3,53.1,5540,3.68,72.4
2020-11-04,,,,5144,3.29,
2020-11-05,,,,5047,3.37,
2020-11-06,,,,3966,2.67,
2020-11-07,,,,5300,3.54,
2020-11-08,,,,4566,3.07,
2020-11-09,,,,4161,2.87,
2020-11-10,,,,2606,1.85,
2020-11-11,,,,3439,2.32,
2020-11-12,,,,2948,1.97,
2020-11-13,,,,4575,3.08,
2020-11-14,,,,6718,4.32,
2020-11-15,,,,15171,9.51,
2020-11-16,,,,6360,4.30,
2020-11-17,,,,4360,2.89,
2020-11-18,,,,3796,2.38,
2020-11-19,,,,3390,2.09,
2020-11-20,,,,7507,5.08,
2020-11-21,,,,4353,2.64,
2020-11-22,,,,2695,1.62,
2020-11-23,,,,4431,2.79,
2020-11-24,,,,2475,1.71,
2020-11-25,,,,2815,1.78,
2020-11-26,,,,3035,2.00,
2020-11-27,,,,3574,2.41,
2020-11-28,,,,3202,2.11,
2020-11-29,,,,20788,14.34,
2020-11-30,,,,2937,1.87,
2020-12-01,,,,3313,2.09,
2020-12-02,,,,4166,2.74,
2020-12-03,,,,3495,2.23,
2020-12-04,,,,4696,3.06,
2020-12-05,,,,13522,8.90,
2020-12-06,,,,1103,0.72,
2020-12-07,27.2,28.2,52.6,2677,1.83,72.2
2020-12-08,,,,2482,1.63,
2020-12-09,27.8,28.5,52.7,2341,1.60,73
2020-12-10,,,,2660,1.73,
2020-12-11,,,,2539,1.67,
2020-12-12,,,,6585,4.17,
2020-12-13,,,,77,0.05,
2020-12-14,,,,3060,1.98,
2020-12-15,27.8,28.4,52.5,5620,4.03,72.7
2020-12-16,,,,4739,3.21,
2020-12-17,,,,3303,2.22,
2020-12-18,,,,4411,2.97,
2020-12-19,,,,5306,3.32,
2020-12-20,,,,4734,3.19,
2020-12-21,,,,5214,3.49,
2020-12-22,,,,6666,4.49,
2020-12-23,,,,2769,1.91,
2020-12-24,,,,3165,2.08,
2020-12-25,,,,3391,2.09,
2020-12-26,,,,5181,3.47,
2020-12-27,,,,7240,4.73,
2020-12-28,,,,10405,6.85,
2020-12-29,,,,6535,4.37,
2020-12-30,,,,2494,1.58,
2020-12-31,,,,5488,3.57,
2021-01-01,,,,9069,5.60,
2021-01-02,,,,5895,3.55,
2021-01-03,,,,9691,5.64,
2021-01-04,,,,5234,3.56,
2021-01-05,,,,4061,2.66,
2021-01-06,,,,3890,2.42,
2021-01-07,,,,2893,1.85,
2021-01-08,,,,3126,1.97,
2021-01-09,,,,5812,3.63,
2021-01-10,,,,1684,1.11,
2021-01-11,,,,2372,1.49,
2021-01-12,,,,2653,1.68,
2021-01-13,,,,3032,1.91,
2021-01-14,,,,2262,1.46,
2021-01-15,,,,3440,2.18,
2021-01-16,,,,2491,1.42,
2021-01-17,,,,11896,8.10,
2021-01-18,,,,5709,3.45,
2021-01-19,,,,2918,1.83,
2021-01-20,,,,4695,2.98,
2021-01-21,,,,3704,2.58,
2021-01-22,,,,5150,3.34,
2021-01-23,,,,11317,7.26,
2021-01-24,,,,5648,3.59,
2021-01-25,,,,3701,2.38,
2021-01-26,,,,3351,2.16,
2021-01-27,,,,3259,2.17,
2021-01-28,,,,2985,2.01,
2021-01-29,,,,3307,2.18,
2021-01-30,,,,3603,2.42,
2021-01-31,,,,3152,2.17,
2021-02-01,,,,2493,1.54,
2021-02-02,,,,4076,2.61,
2021-02-03,,,,4287,2.76,
2021-02-04,,,,2605,1.82,
2021-02-05,,,,2736,1.73,
2021-02-06,,,,9637,6.23,
2021-02-07,,,,2736,1.68,
2021-02-08,,,,5764,3.52,
2021-02-09,,,,7931,4.78,
2021-02-10,,,,6270,3.67,
2021-02-11,,,,2761,1.60,
2021-02-12,,,,9708,5.62,
2021-02-13,,,,5263,3.16,
2021-02-14,,,,5563,3.31,
2021-02-15,,,,1338,0.85,
2021-02-16,,,,3462,2.08,
2021-02-17,,,,7615,4.85,
2021-02-18,,,,4880,3.25,
2021-02-19,,,,2858,1.79,
2021-02-20,,,,2826,1.89,
2021-02-21,,,,7085,4.49,
2021-02-22,,,,2810,1.83,
2021-02-23,,,,4254,2.75,
2021-02-24,,,,2457,1.60,
2021-02-25,,,,5788,3.70,
2021-02-26,,,,3654,2.43,
2021-02-27,,,,2424,1.49,
2021-02-28,,,,2896,1.96,
2021-03-01,,,,4032,2.74,
2021-03-02,,,,3022,1.92,
2021-03-03,,,,2580,1.56,
2021-03-04,,,,3786,2.51,
2021-03-05,,,,3887,2.46,
2021-03-06,,,,3471,2.04,
2021-03-07,,,,2860,1.85,
2021-03-08,,,,2689,1.55,
2021-03-09,,,,3056,1.88,
2021-03-10,,,,3149,2.06,
2021-03-11,,,,2896,1.82,
2021-03-12,,,,8342,5.70,
2021-03-13,,,,13451,8.74,
2021-03-14,,,,3324,2.19,
2021-03-15,,,,4009,2.72,
2021-03-16,,,,2454,1.63,
2021-03-17,,,,3038,1.89,
2021-03-18,,,,3759,2.45,
2021-03-19,,,,3986,2.82,
2021-03-20,,,,3161,2.13,
2021-03-21,,,,7504,5.12,
2021-03-22,,,,3843,2.43,
2021-03-23,,,,3869,2.52,
2021-03-24,,,,4691,3.13,
2021-03-25,,,,2952,2.02,
2021-03-26,,,,4472,2.97,
2021-03-27,,,,3178,2.10,
2021-03-28,,,,9253,5.93,
2021-03-29,,,,8474,5.36,
2021-03-30,,,,2702,1.71,
2021-03-31,,,,3430,2.31,
2021-04-01,,,,3638,2.30,
2021-04-02,,,,6037,3.99,
2021-04-03,,,,7129,4.01,
2021-04-04,,,,1483,0.94,
2021-04-05,,,,7249,4.58,
2021-04-06,,,,8373,5.56,
2021-04-07,,,,3713,2.23,
2021-04-08,,,,6758,3.96,
2021-04-09,,,,3961,2.55,
2021-04-10,,,,8904,5.77,
2021-04-11,,,,1103,0.76,
2021-04-12,,,,2148,1.26,
2021-04-13,,,,4778,3.05,
2021-04-14,,,,2581,1.66,
2021-04-15,,,,3168,2.12,
2021-04-16,,,,3081,2.03,
2021-04-17,,,,7083,4.71,
2021-04-18,,,,6565,4.40,
2021-04-19,,,,4847,3.31,
2021-04-20,,,,3711,2.61,
2021-04-21,,,,2677,1.74,
2021-04-22,,,,3637,2.39,
2021-04-23,,,,4346,2.92,
2021-04-24,,,,9461,6.28,
2021-04-25,,,,2973,1.83,
2021-04-26,,,,2476,1.70,
2021-04-27,,,,9888,6.78,
2021-04-28,,,,2671,1.71,
2021-04-29,,,,2994,1.87,
2021-04-30,,,,5649,3.93,
2021-05-01,,,,5598,3.77,
2021-05-02,,,,5097,3.27,
2021-05-03,,,,6083,4.10,
2021-05-04,,,,7746,4.83,
2021-05-05,,,,8545,5.54,
2021-05-06,,,,6523,4.50,
2021-05-07,,,,8089,5.99,
2021-05-08,,,,3623,2.56,
2021-05-09,,,,7302,5.12,
2021-05-10,,,,2604,1.70,
2021-05-11,,,,2885,1.86,
2021-05-12,,,,3213,2.11,
2021-05-13,,,,2574,1.70,
2021-05-14,,,,4101,3.02,
2021-05-15,,,,3415,2.20,
2021-05-16,,,,5414,3.62,
2021-05-17,,,,8757,6.19,
2021-05-18,,,,8461,6.14,
2021-05-19,,,,9280,6.62,
2021-05-20,,,,6763,5.36,
2021-05-21,,,,7619,5.49,
2021-05-22,,,,10941,8.22,
2021-05-23,,,,11582,9.17,
2021-05-24,,,,6111,4.16,
2021-05-25,,,,4225,2.95,
2021-05-26,,,,2556,1.61,
2021-05-27,,,,3231,2.14,
2021-05-28,,,,4139,2.80,
2021-05-29,,,,4888,3.28,
2021-05-30,,,,5818,3.86,
2021-05-31,,,,6890,4.64,
2021-06-01,,,,3558,2.45,
2021-06-02,,,,3109,2.11,
2021-06-03,,,,4244,2.81,
2021-06-04,,,,5590,3.98,
2021-06-05,,,,6028,4.09,
2021-06-06,,,,3891,2.48,
2021-06-07,,,,4547,3.03,
2021-06-08,,,,2942,2.00,
2021-06-09,,,,3370,2.25,
2021-06-10,,,,3756,2.53,
2021-06-11,,,,4524,3.07,
2021-06-12,,,,6277,4.22,
2021-06-13,,,,6459,4.37,
2021-06-14,,,,6120,4.09,
2021-06-15,,,,4565,2.75,
2021-06-16,,,,6726,4.74,
2021-06-17,,,,3327,2.29,
2021-06-18,,,,4327,3.05,
2021-06-19,,,,6387,4.33,
2021-06-20,,,,3405,2.12,
2021-06-21,,,,3962,2.73,
2021-06-22,,,,4986,3.40,
2021-06-23,,,,2879,2.01,
2021-06-24,,,,5493,3.82,
2021-06-25,,,,6520,4.35,
2021-06-26,,,,6827,4.69,
2021-06-27,,,,2650,1.69,
2021-06-28,,,,2956,1.97,
2021-06-29,,,,2789,1.85,
2021-06-30,,,,2329,1.52,
2021-07-01,,,,2157,1.38,
2021-07-02,,,,3325,2.11,
2021-07-03,,,,5817,3.78,
2021-07-04,,,,106,0.06,
2021-07-05,,,,2909,1.96,
2021-07-06,,,,5387,3.78,
2021-07-07,33.2,30.7,52.5,2897,1.92,78.6
2021-07-08,30.7,29.1,51.6,9578,5.73,74.4
2021-07-09,33.1,30.6,52.4,8517,5.54,77.7
2021-07-10,,,,15309,10.08,
2021-07-11,,,,8710,5.76,
2021-07-12,,,,4811,3.13,
2021-07-13,,0.2,,4832,3.27,0.5
2021-07-14,,,,3447,2.30,
2021-07-15,32.9,30.5,52.4,3333,2.16,78
2021-07-16,32.6,30.3,52.3,3096,2.22,77.6
2021-07-17,,,,2120,1.33,
2021-07-18,,,,1545,1.10,
2021-07-19,,,,2576,1.80,
2021-07-20,,,,4852,3.31,
2021-07-21,34,31.2,52.7,4841,3.17,79.2
2021-07-22,32.9,30.5,52.4,3145,2.12,78
2021-07-23,33,30.5,52.4,4858,3.39,77.9
2021-07-24,,,,4770,3.29,
2021-07-25,,,,7176,5.31,
2021-07-26,33.1,30.6,52.4,6557,4.70,78.1
2021-07-27,,,,3125,1.99,
2021-07-28,33.1,30.6,52.4,2725,1.84,78.3
2021-07-29,33.1,30.6,52.4,3326,2.30,78.3
2021-07-30,,,,3653,2.37,
2021-07-31,,,,3388,2.27,
2021-08-01,,,,5934,4.20,
2021-08-02,32.6,30.3,52.3,4195,2.74,77.6
2021-08-03,32.9,30.5,52.4,3229,2.25,77.8
2021-08-04,32.9,30.5,52.4,4829,3.27,77.5
2021-08-05,,,,2756,1.91,
2021-08-06,32.2,30,52.1,3025,2.03,76.3
2021-08-07,32.2,30,52.1,1429,0.88,76.8
2021-08-08,,,,2710,1.85,
2021-08-09,32.2,30,52.1,3331,2.37,76.2
2021-08-10,,,,2636,1.69,
2021-08-11,32.2,30,52.1,4705,3.34,76.9
2021-08-12,,,,3562,2.44,
2021-08-13,32.2,30,52.1,4356,3.13,76.8
2021-08-14,,,,5446,3.44,
2021-08-15,,,,4855,3.24,
2021-08-16,,,,4644,3.05,
2021-08-17,32.5,30.2,52.2,2913,1.97,77.2
2021-08-18,32.5,30.2,52.2,3387,2.32,76.6
2021-08-19,32.2,30,52.1,3200,2.26,76.9
2021-08-20,,,,3023,2.13,
2021-08-21,,,,9428,6.24,
2021-08-22,,,,3098,2.16,
2021-08-23,32.3,30.1,52.1,3232,2.10,77
2021-08-24,,,,5008,3.12,
2021-08-25,,,,4551,2.66,
2021-08-26,,,,4405,2.78,
2021-08-27,,,,5011,3.41,
2021-08-28,,,,8293,5.41,
2021-08-29,,,,1241,0.87,
2021-08-30,,,,2564,1.67,
2021-08-31,,,,2285,1.58,
2021-09-01,,,,2898,1.76,
2021-09-02,,,,2469,1.64,
2021-09-03,,,,4174,2.90,
2021-09-04,,,,3690,2.51,
2021-09-05,,,,6345,4.04,
2021-09-06,,,,10602,7.29,
2021-09-07,,,,4531,3.19,
2021-09-08,,,,5105,3.48,
2021-09-09,,,,4094,2.68,
2021-09-10,,,,3209,2.23,
2021-09-11,,,,134,0.08,
2021-09-12,,,,6026,3.71,
2021-09-13,,,,3392,2.27,
2021-09-14,,,,4437,2.95,
2021-09-15,,,,3576,2.45,
2021-09-16,,,,3720,2.53,
2021-09-17,,,,2695,1.77,
2021-09-18,,,,4955,3.36,
2021-09-19,,,,5386,3.81,
2021-09-20,,,,7283,4.87,
2021-09-21,,,,5047,3.13,
2021-09-22,,,,5453,3.97,
2021-09-23,,,,2847,1.92,
2021-09-24,,,,3659,2.47,
2021-09-25,,,,3656,2.36,
2021-09-26,,,,3142,2.16,
2021-09-27,,,,2808,1.91,
2021-09-28,,,,2859,1.98,
2021-09-29,,,,3845,2.70,
2021-09-30,,,,6154,4.21,
2021-10-01,,,,2533,1.78,
2021-10-02,,,,4407,2.93,
2021-10-03,,,,9247,5.82,
2021-10-04,,,,17397,11.86,
2021-10-05,,,,17240,10.06,
2021-10-06,,,,9181,5.65,
2021-10-07,,,,16610,10.00,
2021-10-08,,,,17213,10.90,
2021-10-09,,,,7031,4.62,
2021-10-10,,,,1840,1.25,
2021-10-11,,,,2409,1.55,
2021-10-12,,,,3248,2.16,
2021-10-13,,,,2343,1.36,
2021-10-14,,,,2506,1.69,
2021-10-15,,,,4505,2.85,
2021-10-16,,,,2168,1.43,
2021-10-17,,,,3344,1.91,
2021-10-18,,,,2373,1.60,
2021-10-19,,,,3550,2.19,
2021-10-20,,,,3197,2.08,
2021-10-21,,,,4557,3.01,
2021-10-22,,,,3781,2.50,
2021-10-23,,,,9566,6.08,
2021-10-24,,,,2384,1.63,
2021-10-25,,,,8378,5.64,
2021-10-26,,,,2438,1.60,
2021-10-27,,,,2666,1.70,
2021-10-28,,,,2804,1.94,
2021-10-29,,,,5079,3.20,
2021-10-30,,,,22794,13.84,
2021-10-31,,,,9775,6.31,
2021-11-01,,,,3554,2.43,
2021-11-02,,,,2681,1.76,
2021-11-03,,,,5136,3.19,
2021-11-04,,,,4167,2.64,
2021-11-05,32.9,30.5,52.4,3910,2.65,78
2021-11-06,,,,11830,8.03,
2021-11-07,34.1,31.3,52.8,10622,6.18,78.6
2021-11-08,32.9,30.5,52.4,3279,2.10,78
2021-11-09,33,30.5,52.4,3421,2.13,77.2
2021-11-10,32.6,30.3,52.3,3019,2.01,77
2021-11-11,32.5,30.2,52.2,3569,2.28,76.7
2021-11-12,,,,3646,2.06,
2021-11-13,,,,11834,7.20,
2021-11-14,,,,4802,3.08,
2021-11-15,,,,3834,2.50,
2021-11-16,32.9,30.5,52.4,3634,2.21,78
2021-11-17,32.6,30.3,52.3,3511,2.22,77
2021-11-18,,,,4146,2.60,
2021-11-19,,,,2269,1.47,
2021-11-20,,,,24607,14.16,
2021-11-21,,,,10199,5.90,
2021-11-22,,,,4945,3.28,
2021-11-23,,,,3197,1.89,
2021-11-24,,,,4736,3.05,
2021-11-25,,,,11471,3.71,
2021-11-26,,,,6485,1.90,
2021-11-27,,,,38607,24.00,
2021-11-28,,,,41288,23.76,
2021-11-29,,,,12133,8.10,
2021-11-30,,,,8972,6.18,
2021-12-01,,,,2790,1.68,
2021-12-02,,,,6506,2.08,
2021-12-03,32.2,30,52.1,11341,5.77,76.8
2021-12-04,,,,24808,15.05,
2021-12-05,,,,20544,6.42,
2021-12-06,,,,14581,8.97,
2021-12-07,,,,3719,2.20,
2021-12-08,,,,3400,2.03,
2021-12-09,,,,2238,1.30,
2021-12-10,,,,2941,1.99,
2021-12-11,,,,7530,4.45,
2021-12-12,,,,21121,13.73,
2021-12-13,,,,6321,3.78,
2021-12-14,,,,6316,4.32,
2021-12-15,,,,2651,1.58,
2021-12-16,,,,4914,2.97,
2021-12-17,,,,12312,8.02,
2021-12-18,,,,21079,12.07,
2021-12-19,,,,11872,3.58,
2021-12-20,,,,8910,3.69,
2021-12-21,31.8,29.8,52,6236,1.84,76.3
2021-12-22,31.9,29.8,52,10051,6.22,76.4
2021-12-23,31.8,29.8,52,11274,6.74,76.2
2021-12-24,,,,7160,2.50,
2021-12-25,,,,35363,22.32,
2021-12-26,,,,35754,24.37,
2021-12-27,,,,5078,3.22,
2021-12-28,,,,3411,2.24,
2021-12-29,,,,5388,3.43,
2021-12-30,,,,3460,2.29,
2021-12-31,,,,6377,4.00,
2022-01-01,,,,7058,4.35,
2022-01-02,,,,9416,5.86,
2022-01-03,,,,13650,8.88,
2022-01-04,,,,3044,1.90,
2022-01-05,,,,2720,1.70,
2022-01-06,,,,5805,3.33,
2022-01-07,,,,4001,2.53,
2022-01-08,,,,2377,1.59,
2022-01-09,,,,15282,8.67,
2022-01-10,,,,5390,3.39,
2022-01-11,,,,11426,6.85,
2022-01-12,,,,5301,3.38,
2022-01-13,,,,2724,1.63,
2022-01-14,,,,3818,2.38,
2022-01-15,,,,3564,2.26,
2022-01-16,,,,5441,3.17,
2022-01-17,,,,4627,2.99,
2022-01-18,,,,3765,2.36,
2022-01-19,,,,2707,1.66,
2022-01-20,,,,3569,2.31,
2022-01-21,,,,4531,2.89,
2022-01-22,,,,6756,4.34,
2022-01-23,,,,6415,3.94,
2022-01-24,,,,3352,2.13,
2022-01-25,,,,2491,1.52,
2022-01-26,,,,7776,5.21,
2022-01-27,,,,5265,3.39,
2022-01-28,,,,6453,3.98,
2022-01-29,,,,11658,6.81,
2022-01-30,,,,12519,7.64,
2022-01-31,,,,7200,4.46,
2022-02-01,,,,4462,2.73,
2022-02-02,,,,4881,2.95,
2022-02-03,,,,6436,4.12,
2022-02-04,,,,2361,1.34,
2022-02-05,,,,2900,1.72,
2022-02-06,,,,1372,0.78,
2022-02-07,,,,2523,1.56,
2022-02-08,,,,10735,6.49,
2022-02-09,,,,19068,11.47,
2022-02-10,,,,4061,2.60,
2022-02-11,,,,2701,1.65,
2022-02-12,,,,19161,12.29,
2022-02-13,,,,22325,13.87,
2022-02-14,,,,13799,8.91,
2022-02-15,,,,2795,1.91,
2022-02-16,,,,3046,2.06,
2022-02-17,,,,3532,2.22,
2022-02-18,,,,2351,1.49,
2022-02-19,,,,10034,6.32,
2022-02-20,,,,7515,4.55,
2022-02-21,,,,2916,1.94,
2022-02-22,,,,3169,2.07,
2022-02-23,,,,3641,2.42,
2022-02-24,,,,3238,2.19,
2022-02-25,,,,3194,2.13,
2022-02-26,,,,16619,10.62,
2022-02-27,,,,12088,7.36,
2022-02-28,,,,2873,1.99,
2022-03-01,,,,2868,1.90,
2022-03-02,,,,3029,1.98,
2022-03-03,,,,3528,2.31,
2022-03-04,,,,4884,3.11,
2022-03-05,,,,15569,10.66,
2022-03-06,,,,5194,3.21,
2022-03-07,,,,10389,7.23,
2022-03-08,,,,10381,7.08,
2022-03-09,,,,6671,4.65,
2022-03-10,,,,6373,4.37,
2022-03-11,,,,5053,3.31,
2022-03-12,,,,12830,8.00,
2022-03-13,,,,5427,3.57,
2022-03-14,,,,5798,3.85,
2022-03-15,,,,11084,3.98,
2022-03-16,,,,9634,4.80,
2022-03-17,32,29.9,52.1,9777,6.58,76.6
2022-03-18,31.7,29.7,51.9,15256,10.59,76
2022-03-19,31.4,29.5,51.8,59688,36.07,75.5
2022-03-20,,,,27665,17.96,
2022-03-21,31.6,29.6,51.9,11687,8.02,75
2022-03-22,30.6,29,51.6,18171,12.44,74.3
2022-03-23,30.9,29.2,51.6,16687,11.54,65
2022-03-24,30.8,29.1,51.6,7419,5.08,74.6
2022-03-25,30.7,29.1,51.6,6391,3.97,74.5
2022-03-26,,,,41627,24.79,
2022-03-27,,,,7458,4.97,
2022-03-28,30.9,29.2,51.6,6942,4.79,74.7
2022-03-29,30.8,29.1,51.6,7878,2.93,74.6
2022-03-30,31,29.3,51.7,9408,3.65,75
2022-03-31,27.9825,29.2539,,12240,8.70,74.89
2022-04-01,30.6,29,51.5,12475,9.27,74.3
2022-04-02,30.7,29.1,51.6,29633,20.66,74.4
2022-04-03,,,,29519,19.79,
2022-04-04,,,,63339,45.40,
2022-04-05,,,,17329,13.05,
2022-04-06,29.8,28.5,51.3,10417,7.49,73
2022-04-07,29.9,28.6,51.3,13817,9.94,73.2
2022-04-08,29.9,28.6,51.3,13172,9.78,73.2
2022-04-09,,,,26371,18.21,
2022-04-10,,,,17122,11.47,
2022-04-11,,,,15690,11.43,
2022-04-12,,,,9016,6.75,
2022-04-13,,,,16166,5.84,
2022-04-14,29.9,28.6,51.3,9114,6.27,73.2
2022-04-15,,,,8094,5.90,
2022-04-16,29.5,28.3,51.1,20825,15.54,72.5
2022-04-17,29,28,50.9,30408,20.16,71.7
2022-04-18,,,,6459,4.50,
2022-04-19,,,,12975,9.82,
2022-04-20,,,,8352,6.28,
2022-04-21,,,,12796,9.28,
2022-04-22,,,,11093,8.24,
2022-04-23,,,,14417,10.32,
2022-04-24,,,,14692,10.75,
2022-04-25,,,,11457,8.74,
2022-04-26,,,,10658,7.61,
2022-04-27,28.4,27.7,50.7,12762,8.72,70.8
2022-04-28,,,,8168,5.65,
2022-04-29,,,,15030,10.31,
2022-04-30,,,,45466,26.13,
2022-05-01,,,,8913,6.41,
2022-05-02,,,,13878,9.57,
2022-05-03,,,,12258,8.84,
2022-05-04,,,,14988,11.08,
2022-05-05,,,,17338,11.98,
2022-05-06,,,,14985,10.70,
2022-05-07,,,,10278,7.48,
2022-05-08,,,,11975,8.55,
2022-05-09,,,,14533,10.18,
2022-05-10,,,,30864,10.46,
2022-05-11,28,27.4,50.5,40675,20.83,70.1
2022-05-12,28,27.3,50.4,16320,11.54,70
2022-05-13,,,,18482,12.61,
2022-05-14,,,,10346,7.25,
2022-05-15,,,,21068,14.58,
2022-05-16,,,,16349,11.67,
2022-05-17,,,,16032,11.05,
2022-05-18,,,,14117,9.89,
2022-05-19,,,,9661,6.58,
2022-05-20,,,,12696,8.65,
2022-05-21,,,,20151,13.94,
2022-05-22,,,,24328,14.90,
2022-05-23,,,,17475,12.01,
2022-05-24,,,,9869,6.85,
2022-05-25,,,,12903,8.69,
2022-05-26,,,,11204,7.78,
2022-05-27,,,,12568,8.78,
2022-05-28,,,,12682,8.87,
2022-05-29,,,,14021,9.84,
2022-05-30,,,,17573,12.49,
2022-05-31,,,,14886,10.95,
2022-06-01,,,,17181,12.19,
2022-06-02,,,,16657,11.41,
2022-06-03,,,,20104,14.02,
2022-06-04,,,,27040,18.27,
2022-06-05,,,,25430,17.53,
2022-06-06,,,,18658,13.14,
2022-06-07,,,,15946,11.06,
2022-06-08,,,,18211,12.19,
2022-06-09,,,,15592,10.09,
2022-06-10,,,,13676,9.17,
2022-06-11,,,,4278,2.76,
2022-06-12,,,,24304,15.31,
2022-06-13,,,,20910,14.33,
2022-06-14,,,,13137,9.06,
2022-06-15,,,,18004,12.43,
2022-06-16,,,,14863,10.99,
2022-06-17,,,,8049,5.86,
2022-06-18,,,,17604,12.51,
2022-06-19,,,,17691,12.13,
2022-06-20,,,,15563,10.71,
2022-06-21,,,,20490,14.36,
2022-06-22,,,,15261,10.05,
2022-06-23,,,,12157,8.83,
2022-06-24,,,,18913,14.23,
2022-06-25,,,,14492,10.32,
2022-06-26,,,,15286,10.51,
2022-06-27,,,,13466,9.64,
2022-06-28,,,,14729,11.17,
2022-06-29,,,,14789,10.60,
2022-06-30,,,,12830,9.46,
2022-07-01,,,,8370,5.99,
2022-07-02,,,,14442,9.75,
2022-07-03,,,,7333,4.94,
2022-07-04,,,,9209,6.70,
2022-07-05,,,,13323,9.62,
2022-07-06,,,,12940,8.90,
2022-07-07,,,,10074,7.12,
2022-07-08,,,,10121,7.10,
2022-07-09,,,,6986,4.39,
2022-07-10,,,,11488,7.51,
2022-07-11,,,,7148,5.07,
2022-07-12,,,,10800,7.91,
2022-07-13,,,,11201,7.72,
2022-07-14,,,,12879,9.05,
2022-07-15,,,,11445,8.09,
2022-07-16,,,,18265,12.34,
2022-07-17,,,,12497,8.57,
2022-07-18,,,,13864,10.15,
2022-07-19,,,,3248,2.12,
2022-07-20,,,,4777,3.27,
2022-07-21,,,,3666,2.52,
2022-07-22,,,,6007,4.14,
2022-07-23,,,,13271,8.42,
2022-07-24,,,,6925,4.60,
2022-07-25,,,,11366,7.92,
2022-07-26,,,,4999,3.32,
2022-07-27,,,,6114,4.17,
2022-07-28,,,,4105,2.69,
2022-07-29,,,,3639,2.48,
2022-07-30,,,,10776,7.56,
2022-07-31,,,,6852,4.69,
2022-08-01,29.5,28.3,51.1,6277,4.37,72.5
2022-08-02,29.9,28.5,51.2,5871,4.22,72
2022-08-03,29,28,50.9,5010,3.35,71.4
2022-08-04,29.1,28,50.9,7361,5.18,71.8
2022-08-05,29,28,50.9,6784,4.28,71.6
2022-08-06,,,,11736,8.23,
2022-08-07,,,,4298,2.92,
2022-08-08,29.3,28.2,51,7114,5.05,72.2
2022-08-09,29.8,28.5,51.2,11112,7.71,73
2022-08-10,28.6,27.8,50.7,6485,4.45,71.1
2022-08-11,28.6,27.8,50.7,3962,2.82,71.1
2022-08-12,,,,5663,3.94,
2022-08-13,,,,6297,4.16,
2022-08-14,,,,6388,4.47,
2022-08-15,28.7,27.8,50.7,3559,2.32,71.1
2022-08-16,29.1,28.1,50.9,9212,3.12,70.9
2022-08-17,,,,6390,2.15,
2022-08-18,28.8,27.9,50.8,10629,6.36,71.3
2022-08-19,,,,7685,4.93,
2022-08-20,,,,27244,17.07,
2022-08-21,,,,13671,9.36,
2022-08-22,,,,9331,6.27,
2022-08-23,,,,3946,2.70,
2022-08-24,,,,8190,2.89,
2022-08-25,,,,20964,12.97,
2022-08-26,,,,8551,5.10,
2022-08-27,,,,12278,7.85,
2022-08-28,,,,30222,18.84,
2022-08-29,28.8,27.9,50.8,18998,11.56,71.3
2022-08-30,,,,17040,9.69,
2022-08-31,,,,35195,22.51,
2022-09-01,,,,20396,10.44,
2022-09-02,,,,10410,4.45,
2022-09-03,,,,15291,7.92,
2022-09-04,,,,37973,24.92,
2022-09-05,,,,8679,5.88,
2022-09-06,,,,7379,5.32,
2022-09-07,,,,8074,2.69,
2022-09-08,,,,16192,7.72,
2022-09-09,,,,11251,7.58,
2022-09-10,,,,11922,8.14,
2022-09-11,,,,18411,12.56,
2022-09-12,,,,20889,12.35,
2022-09-13,,,,3442,2.36,
2022-09-14,,,,13267,9.94,
2022-09-15,,,,14658,10.80,
2022-09-16,,,,16591,10.55,
2022-09-17,,,,15951,10.10,
2022-09-18,,,,15870,9.90,
2022-09-19,,,,13738,8.95,
2022-09-20,,,,5857,3.91,
2022-09-21,,,,10046,6.74,
2022-09-22,,,,8622,5.96,
2022-09-23,,,,14948,10.91,
2022-09-24,,,,14702,9.11,
2022-09-25,,,,10606,7.36,
2022-09-26,,,,11372,8.19,
2022-09-27,,,,8894,6.40,
2022-09-28,,,,12467,9.08,
2022-09-29,,,,11244,7.99,
2022-09-30,,,,17531,12.25,
2022-10-01,,,,12370,8.00,
2022-10-02,,,,9661,6.21,
2022-10-03,,,,9275,6.01,
2022-10-04,,,,10530,6.57,
2022-10-05,,,,9780,6.34,
2022-10-06,,,,2874,1.90,
2022-10-07,27.5,27,50.2,5322,3.33,69.2
2022-10-08,27.4,27,50.2,5233,3.35,68.7
2022-10-09,27.5,27.1,50.2,7588,5.10,69.1
2022-10-10,27.3,27,50.1,19302,13.35,69
2022-10-11,,,,12032,7.35,
2022-10-12,26.6,26.5,49.8,5548,3.77,67.8
2022-10-13,,,,9201,5.73,
2022-10-14,26.8,26.6,49.9,14802,10.38,68.2
2022-10-15,,,,15181,9.37,
2022-10-16,,,,3317,2.24,
2022-10-17,,,,1534,0.95,
2022-10-18,,,,6617,5.00,
2022-10-19,,,,10979,8.77,
2022-10-20,27.6,27.1,50.3,11076,7.94,69.4
2022-10-21,27.6,27.1,50.3,16653,11.74,69.4
2022-10-22,,,,17121,12.03,
2022-10-23,28.1,27.4,50.5,10332,6.91,70.2
2022-10-24,,,,11383,8.03,
2022-10-25,27,26.8,50,14774,10.24,68.5
2022-10-26,27.1,26.8,50,10705,7.71,68.6
2022-10-27,26.8,26.6,49.9,10777,3.68,68.1
2022-10-28,26.5,26.4,49.8,17402,6.65,67.7
2022-10-29,,,,10680,6.65,
2022-10-30,,,,9617,6.06,
2022-10-31,,,,12932,8.65,
2022-11-01,,,,7919,4.96,
2022-11-02,,,,8079,5.03,
2022-11-03,,,,3644,2.19,
2022-11-04,,,,22155,12.68,
2022-11-05,,,,7393,4.17,
2022-11-06,,,,7917,5.04,
2022-11-07,27.8,27.3,50.4,3427,2.27,69.8
2022-11-08,27.6,27.1,50.3,14687,10.83,69.4
2022-11-09,27.2,26.9,50.1,22806,8.22,68.8
2022-11-10,26.9,26.7,50,18664,6.59,68.4
2022-11-11,26.4,26.4,49.7,8424,5.76,67.6
2022-11-12,,,,14239,9.05,
2022-11-13,,,,16629,5.05,
2022-11-14,,,,7676,3.38,
2022-11-15,,,,9519,3.38,
2022-11-16,,,,1979,1.32,
2022-11-17,,,,4659,3.35,
2022-11-18,,,,3687,2.61,
2022-11-19,29.6,28.4,51.2,16378,10.75,72.7
2022-11-20,,,,16823,10.34,
2022-11-21,,,,3755,2.58,
2022-11-22,28,27.3,50.4,5139,3.50,70
2022-11-23,27.9,27.3,50.4,14350,8.98,69.9
2022-11-24,,,,13129,5.72,
2022-11-25,28.5,27.7,50.7,1564,0.91,70.9
2022-11-26,,,,1183,0.73,
2022-11-27,27.2,26.9,50.1,2191,1.45,68.8
2022-11-28,,,,700,0.44,
2022-11-29,,,,1962,1.20,
2022-11-30,27.3,27,50.1,5334,3.48,69
2022-12-01,,,,5114,3.29,
2022-12-02,,,,4382,2.76,
2022-12-03,,,,5743,3.36,
2022-12-04,28,27.3,50.4,28164,14.92,70
2022-12-05,27.1,26.8,50,7320,5.07,68.7
2022-12-06,26.7,26.6,49.8,3858,2.38,68
2022-12-07,27.1,26.8,50,6486,4.27,68.2
2022-12-08,26.9,26.7,49.9,5106,3.54,68.3
2022-12-09,27.5,27,50.2,4471,2.77,69.2
2022-12-10,,,,33646,21.63,
2022-12-11,,,,4956,3.25,
2022-12-12,,,,7097,4.71,
2022-12-13,,,,13820,9.33,
2022-12-14,,,,9422,6.33,
2022-12-15,,,,18,0.01,
2022-12-16,,,,90,0.05,
2022-12-17,,,,583,0.37,
2022-12-18,,,,580,0.37,
2022-12-19,26.6,26.5,49.8,8192,5.57,67.9
2022-12-20,,,,81,0.04,
2022-12-21,26.4,26.4,49.7,7051,4.68,66.7
2022-12-22,26.6,26.5,49.8,13089,8.73,67.6
2022-12-23,26.3,26.3,49.6,11378,7.70,67.3
2022-12-24,,,,10215,7.01,
2022-12-25,26.8,26.6,49.9,13952,9.89,68.1
2022-12-26,,,,3218,1.95,
2022-12-27,,,,5009,3.20,
2022-12-28,,,,6973,4.59,
2022-12-29,,,,7476,4.93,
2022-12-30,,,,5607,3.80,
2022-12-31,,,,3505,2.01,
2023-01-01,,,,7658,4.65,
2023-01-02,,,,9833,6.10,
2023-01-03,,,,9229,5.90,
2023-01-04,,,,4255,2.87,
2023-01-05,,,,3360,2.06,
2023-01-06,,,,12403,8.17,
2023-01-07,,,,7247,4.53,
2023-01-08,,,,11295,6.59,
2023-01-09,,,,8191,5.34,
2023-01-10,,,,5993,4.15,
2023-01-11,,,,6106,3.96,
2023-01-12,,,,2754,1.81,
2023-01-13,,,,7325,4.75,
2023-01-14,,,,10306,6.48,
2023-01-15,,,,9491,5.93,
2023-01-16,,,,8552,5.79,
2023-01-17,,,,8238,5.63,
2023-01-18,,,,7839,5.37,
2023-01-19,,,,6575,4.09,
2023-01-20,,,,19235,12.75,
2023-01-21,,,,7623,5.11,
2023-01-22,,,,9102,5.65,
2023-01-23,,,,11192,6.93,
2023-01-24,,,,6811,3.94,
2023-01-25,,,,6123,3.50,
2023-01-26,,,,4915,2.84,
2023-01-27,,,,5335,3.43,
2023-01-28,,,,6630,4.47,
2023-01-29,20.2,22.6,46.2,13483,8.08,57.9
2023-01-30,,,,3469,2.37,
2023-01-31,,,,10927,7.20,
2023-02-01,,,,5502,3.75,
2023-02-02,,,,12175,7.91,
2023-02-03,,,,8590,5.57,
2023-02-04,,,,2961,1.85,
2023-02-05,,,,9109,5.05,
2023-02-06,,,,6823,4.64,
2023-02-07,,,,4484,2.81,
2023-02-08,,,,4308,2.84,
2023-02-09,,,,7177,4.77,
2023-02-10,,,,7157,5.02,
2023-02-11,,,,17797,10.96,
2023-02-12,,,,7911,4.12,
2023-02-13,,,,6468,4.13,
2023-02-14,,,,6175,4.04,
2023-02-15,,,,5361,3.87,
2023-02-16,,,,4564,3.23,
2023-02-17,,,,16490,10.97,
2023-02-18,,,,11656,7.33,
2023-02-19,,,,8891,4.76,
2023-02-20,,,,5942,3.87,
2023-02-21,,,,8761,5.93,
2023-02-22,,,,4910,3.23,
2023-02-23,,,,5812,3.91,
2023-02-24,,,,4152,2.89,
2023-02-25,,,,20311,11.29,
2023-02-26,,,,16180,8.96,
2023-02-27,,,,5964,3.87,
2023-02-28,,,,5952,4.06,
2023-03-01,,,,8508,5.87,
2023-03-02,,,,7716,5.11,
2023-03-03,,,,9961,6.00,
2023-03-04,,,,14835,8.28,
2023-03-05,,,,13001,3.99,
2023-03-06,,,,8402,5.61,
2023-03-07,,,,5281,3.76,
2023-03-08,,,,7572,5.45,
2023-03-09,,,,13108,8.81,
2023-03-10,,,,6724,4.85,
2023-03-11,29.6,28.4,51.1,8917,6.16,72.6
2023-03-12,28.4,27.7,50.7,13943,9.84,70.8
2023-03-13,28.8,27.9,50.8,12094,9.08,71.3
2023-03-14,29.1,28,50.9,12077,8.74,71.8
2023-03-15,29,28,50.9,10652,9.99,71.6
2023-03-16,,,,14986,11.71,
2023-03-17,,,,9936,6.00,
2023-03-18,,,,15177,8.58,
2023-03-19,,,,11039,7.31,
2023-03-20,,,,10170,7.24,
2023-03-21,,,,10149,6.90,
2023-03-22,,,,15002,10.39,
2023-03-23,,,,13645,9.53,
2023-03-24,,,,14150,9.75,
2023-03-25,,,,20836,19.54,
2023-03-26,,,,15875,10.60,
2023-03-27,,,,15091,13.95,
2023-03-28,29,28,50.9,17903,16.10,71.5
2023-03-29,,,,26170,25.12,
2023-03-30,28.4,27.6,50.6,14962,12.34,70.8
2023-03-31,28.6,27.7,50.7,16085,15.34,71
2023-04-01,28.7,27.8,50.8,17747,17.71,71.2
2023-04-02,29.6,28.4,51.2,31753,25.24,72.7
2023-04-03,28.6,27.7,50.7,12167,8.48,71
2023-04-04,28.5,27.7,50.7,10945,8.13,70.8
2023-04-05,28.3,27.5,50.6,23211,15.21,70.5
2023-04-06,28.5,27.7,50.7,15858,16.72,70.8
2023-04-07,28.6,27.8,50.7,15291,16.42,71.1
2023-04-08,28,27.3,50.4,11626,10.98,70
2023-04-09,,,,15091,11.44,
2023-04-10,28,27.3,50.4,16464,14.79,70
2023-04-11,28,27.4,50.5,13701,13.19,70.1
2023-04-12,27.9,27.3,50.4,18237,19.01,69.4
2023-04-13,,,,6013,4.13,
2023-04-14,27,26.8,50,14172,13.58,68.5
2023-04-15,,,,40071,26.51,
2023-04-16,26.6,26.5,49.8,17311,11.76,67.9
2023-04-17,26.9,26.7,50,12326,8.91,68.4
2023-04-18,26.5,26.4,49.8,24327,18.11,67.7
2023-04-19,26.3,26.3,49.7,11054,8.09,67.4
2023-04-20,26.1,26.2,49.6,19506,14.19,67.1
2023-04-21,26.1,26.2,49.6,18298,13.00,67
2023-04-22,,,,11796,6.64,
2023-04-23,,,,15372,11.12,
2023-04-24,26,26.1,49.5,7458,5.24,66.9
2023-04-25,25.8,26,49.4,2613,1.49,66.6
2023-04-26,25.5,25.8,49.3,332,0.17,66.1